{"desktopweb":{"platform":"desktopweb","indexjl":"js","appName":"Spotlight","buildWar":"false","librarymode":"js","devicemessage":"This device is currently not supported","deviceexception":"Unknown Error Occurred <br/> Contact System Admin","importjsfiles":[],"defaultLocale":"en_US","default_locale":"en_US","locales":"[\"de_DE\",\"el_GR\",\"en\",\"en_GB\",\"en_US\",\"es_ES\",\"fr_FR\"]","javascripterrormsg":"To use this site, first enable your browser's JavaScript support and then refresh this page.","version":"2.1.0","category":"desktopweb/","bgcolor":"#ffffff","cssLazyLoad":true,"customFontsList":["FontAwesome","icomoon","Lato-Bold","Lato-Light","Lato-Medium","Lato-Regular","Lato-Semibold","SourceSansPro-Regular"],"customFontsUrlList":["url('desktopweb/FontAwesome.ttf'), url('desktopweb/FontAwesome.eot')","url('desktopweb/icomoon.ttf'), url('desktopweb/icomoon.eot')","url('desktopweb/Lato-Bold.ttf'), url('desktopweb/Lato-Bold.eot')","url('desktopweb/Lato-Light.ttf'), url('desktopweb/Lato-Light.eot')","url('desktopweb/Lato-Medium.ttf'), url('desktopweb/Lato-Medium.eot')","url('desktopweb/Lato-Regular.ttf'), url('desktopweb/Lato-Regular.eot')","url('desktopweb/Lato-Semibold.ttf'), url('desktopweb/Lato-Semibold.eot')","url('desktopweb/SourceSansPro-Regular.ttf'), url('desktopweb/SourceSansPro-Regular.eot')"],"fontsObj":{"FontAwesome":"url('desktopweb/FontAwesome.ttf'), url('desktopweb/FontAwesome.eot')","icomoon":"url('desktopweb/icomoon.ttf'), url('desktopweb/icomoon.eot')","Lato-Bold":"url('desktopweb/Lato-Bold.ttf'), url('desktopweb/Lato-Bold.eot')","Lato-Light":"url('desktopweb/Lato-Light.ttf'), url('desktopweb/Lato-Light.eot')","Lato-Medium":"url('desktopweb/Lato-Medium.ttf'), url('desktopweb/Lato-Medium.eot')","Lato-Regular":"url('desktopweb/Lato-Regular.ttf'), url('desktopweb/Lato-Regular.eot')","Lato-Semibold":"url('desktopweb/Lato-Semibold.ttf'), url('desktopweb/Lato-Semibold.eot')","SourceSansPro-Regular":"url('desktopweb/SourceSansPro-Regular.ttf'), url('desktopweb/SourceSansPro-Regular.eot')"},"style":"width:100%; margin: 0px; padding: 0px;","bodyalign":"left","bodyAttrs":"style = \"width:100%; margin: 0px; padding: 0px;\" bodyalign = \"left\" aria-busy=\"true\" aria-live=\"polite\" aria-relevant=\"additions\" aria-atomic=\"false\"","enablexfsdw":false,"enablexfs":"false","isDebug":"false","csslist":["libraries/dateRangePicker/daterangepicker.css","libraries/dateRangePicker/bootstrap.css","libraries/jqueryResize/jquery-ui.css"],"jslist":["libraries/jqueryResize/jquery.js","widgets/dateRangePicker/dateRangePicker.js","widgets/draggableChart/draggableChart.js"],"enableViewportZooming":false,"webcsslist":[],"webjslist":[],"webheadertags":[],"htmlAttrs":"","ieMetaTag":"<meta http-equiv=\"X-UA-Compatble\" content=\"IE=edge\">","headPageFileName":"1334073196/desktopweb/head.html","bodyPageFileName":"1334073196/desktopweb/body.html","baseTag":"<base href= \"/apps/Spotlight/1334073196/\" target = \"_blank\"/>","baseLocalTag":"<base href= \"./\" target = \"_blank\"/>"},"indexPage":{"headPageFileName":"1334073196/desktopweb/head.html","bodyPageFileName":"1334073196/desktopweb/body.html","baseTag":"<base href= \"/apps/Spotlight/1334073196/\" target = \"_blank\"/>","ieMetaTag":"<meta http-equiv=\"X-UA-Compatble\" content=\"IE=edge\">","htmlAttrs":"","bodyAttrs":"style = \"width:100%; margin: 0px; padding: 0px;\" bodyalign = \"left\" aria-busy=\"true\" aria-live=\"polite\" aria-relevant=\"additions\" aria-atomic=\"false\""},"appconfig":{"buildoption":"debug","applocales":"de_DE,el_GR,en,en_GB,en_US,es_ES,fr_FR","spa":"desktopweb","appid":"Spotlight","devicedblookup":"false","smsecure":"","cacheId":"1334073196","cacheUrl":"Spotlight/1334073196"}}